,diagnosis,radius_mean,texture_mean,perimeter_mean,area_mean,smoothness_mean,compactness_mean,concavity_mean,concave_points_mean,symmetry_mean,fractal_dimension_mean,radius_se,texture_se,perimeter_se,area_se,smoothness_se,compactness_se,concavity_se,concave_points_se,symmetry_se,fractal_dimension_se,radius_worst,texture_worst,perimeter_worst,area_worst,smoothness_worst,compactness_worst,concavity_worst,concave_points_worst,symmetry_worst,fractal_dimension_worst
0,M,17.99,10.38,122.8,1001.0,0.1184,0.2776,0.3001,0.1471,0.2419,0.07871,1.095,0.9053,8.589,153.4,0.006399,0.04904,0.05372999999999999,0.01587,0.03003,0.006193,25.38,17.33,184.6,2019.0,0.1622,0.6656,0.7119,0.2654,0.4601,0.1189
1,M,20.57,17.77,132.9,1326.0,0.08474,0.07864,0.0869,0.07017000000000001,0.1812,0.056670000000000005,0.5435,0.7339,3.398,74.08,0.005225,0.013080000000000001,0.0186,0.0134,0.013890000000000001,0.003532,24.99,23.41,158.8,1956.0,0.1238,0.1866,0.2416,0.18600000000000003,0.275,0.08902
2,M,19.69,21.25,130.0,1203.0,0.1096,0.1599,0.1974,0.1279,0.2069,0.059989999999999995,0.7456,0.7869,4.585,94.03,0.00615,0.040060000000000005,0.03832,0.02058,0.0225,0.004571,23.57,25.53,152.5,1709.0,0.1444,0.4245,0.4504,0.243,0.3613,0.08757999999999999
3,M,11.42,20.38,77.58,386.1,0.1425,0.2839,0.2414,0.1052,0.2597,0.09744,0.4956,1.156,3.445,27.23,0.00911,0.07458,0.05661,0.01867,0.059629999999999996,0.009208,14.91,26.5,98.87,567.7,0.2098,0.8663,0.6869,0.2575,0.6638,0.17300000000000001
4,M,20.29,14.34,135.1,1297.0,0.1003,0.1328,0.198,0.1043,0.1809,0.05882999999999999,0.7572,0.7813,5.438,94.44,0.01149,0.02461,0.05687999999999999,0.01885,0.01756,0.005115,22.54,16.67,152.2,1575.0,0.1374,0.205,0.4,0.1625,0.2364,0.07678
